{"tournament": {"1": {"tournament_name": "Big Tactics Chess Skirmish 24", "city": "Babrujsk, Belarus", "description": " ", "players": [["ZN34836", "Malcolm", "Manning", "1986-04-17"], ["MP02529", "Andreas", "Clement", "1941-08-04"], ["QS19833", "Rebecca", "Fleury", "1941-01-15"], ["ZY51286", "Lilian", "Richard", "1989-06-10"], ["HQ57873", "Gauthier", "Monier", "1935-07-14"], ["VY81678", "Emmanuelle", "Breton", "2002-04-23"], ["RZ77057", "Adrian", "Willis", "1951-08-29"], ["XT21674", "Kylo", "Clay", "1926-04-13"], ["OD32736", "Noa", "Gras", "1946-05-30"], ["HJ20728", "Isabelle", "Cornu", "2001-02-10"]], "rounds": 4, "round": 4, "rounds_results": [["Round 1", [[["2024-07-08_18:33", "2024-07-08_18:33"], [["ZN34836", "Malcolm", "Manning", "1986-04-17"], ["MP02529", "Andreas", "Clement", "1941-08-04"]], [0.0, 1.0]], [["2024-07-08_18:49", "2024-07-08_18:49"], [["QS19833", "Rebecca", "Fleury", "1941-01-15"], ["ZY51286", "Lilian", "Richard", "1989-06-10"]], [1.0, 0.0]], [["2024-07-08_18:50", "2024-07-08_18:50"], [["HQ57873", "Gauthier", "Monier", "1935-07-14"], ["VY81678", "Emmanuelle", "Breton", "2002-04-23"]], [0.5, 0.5]], [["2024-07-09_09:19", "2024-07-09_09:19"], [["RZ77057", "Adrian", "Willis", "1951-08-29"], ["XT21674", "Kylo", "Clay", "1926-04-13"]], [0.5, 0.5]], [["2024-07-09_09:19", "2024-07-09_09:19"], [["OD32736", "Noa", "Gras", "1946-05-30"], ["HJ20728", "Isabelle", "Cornu", "2001-02-10"]], [1.0, 0.0]]]], ["Round 2", [[["2024-07-09_15:35", "2024-07-09_15:35"], [["ZN34836", "Malcolm", "Manning", "1986-04-17"], ["MP02529", "Andreas", "Clement", "1941-08-04"]], [0.0, 1.0]], [["2024-07-09_15:35", "2024-07-09_15:35"], [["QS19833", "Rebecca", "Fleury", "1941-01-15"], ["ZY51286", "Lilian", "Richard", "1989-06-10"]], [1.0, 0.0]], [["2024-07-09_15:35", "2024-07-09_15:35"], [["HQ57873", "Gauthier", "Monier", "1935-07-14"], ["VY81678", "Emmanuelle", "Breton", "2002-04-23"]], [0.5, 0.5]], [["2024-07-09_15:35", "2024-07-09_15:35"], [["RZ77057", "Adrian", "Willis", "1951-08-29"], ["XT21674", "Kylo", "Clay", "1926-04-13"]], [1.0, 0.0]], [["2024-07-09_15:35", "2024-07-09_15:36"], [["OD32736", "Noa", "Gras", "1946-05-30"], ["HJ20728", "Isabelle", "Cornu", "2001-02-10"]], [0.0, 1.0]]]], ["Round 3", [[["2024-07-09_15:36", "2024-07-09_15:36"], [["ZN34836", "Malcolm", "Manning", "1986-04-17"], ["MP02529", "Andreas", "Clement", "1941-08-04"]], [1.0, 0.0]], [["2024-07-09_15:38", "2024-07-09_15:38"], [["QS19833", "Rebecca", "Fleury", "1941-01-15"], ["ZY51286", "Lilian", "Richard", "1989-06-10"]], [1.0, 0.0]], [["2024-07-09_15:38", "2024-07-09_15:38"], [["HQ57873", "Gauthier", "Monier", "1935-07-14"], ["VY81678", "Emmanuelle", "Breton", "2002-04-23"]], [0.5, 0.5]], [["2024-07-09_15:38", "2024-07-09_15:38"], [["RZ77057", "Adrian", "Willis", "1951-08-29"], ["XT21674", "Kylo", "Clay", "1926-04-13"]], [0.0, 1.0]], [["2024-07-09_15:38", "2024-07-09_15:38"], [["OD32736", "Noa", "Gras", "1946-05-30"], ["HJ20728", "Isabelle", "Cornu", "2001-02-10"]], [1.0, 0.0]]]], ["Round 4", [[["", ""], [["ZN34836", "Malcolm", "Manning", "1986-04-17"], ["MP02529", "Andreas", "Clement", "1941-08-04"]], [-1, -1]], [["", ""], [["QS19833", "Rebecca", "Fleury", "1941-01-15"], ["ZY51286", "Lilian", "Richard", "1989-06-10"]], [-1, -1]], [["", ""], [["HQ57873", "Gauthier", "Monier", "1935-07-14"], ["VY81678", "Emmanuelle", "Breton", "2002-04-23"]], [-1, -1]], [["", ""], [["RZ77057", "Adrian", "Willis", "1951-08-29"], ["XT21674", "Kylo", "Clay", "1926-04-13"]], [-1, -1]], [["", ""], [["OD32736", "Noa", "Gras", "1946-05-30"], ["HJ20728", "Isabelle", "Cornu", "2001-02-10"]], [-1, -1]]]]], "final_results": [], "beg_date": "2024-07-08_16:58", "end_date": ""}}}