{"players": {"1": {"player_id": "HJ56342", "first_name": "Jack", "last_name": "Sparrow", "birth_date": "1975-06-12"}, "2": {"player_id": "FE56931", "first_name": "Cinamon", "last_name": "Roll", "birth_date": "1980-10-01"}, "3": {"player_id": "FE56932", "first_name": "John", "last_name": "Lennon", "birth_date": "1936-06-21"}, "4": {"player_id": "QI83209", "first_name": "Jameson", "last_name": "Andrews", "birth_date": "1916-08-02"}, "5": {"player_id": "DM47787", "first_name": "Augustine", "last_name": "Atkins", "birth_date": "1956-12-27"}, "6": {"player_id": "KM65963", "first_name": "Ambre", "last_name": "Hamel", "birth_date": "1986-11-18"}, "7": {"player_id": "HE26794", "first_name": "Lyne", "last_name": "Savary", "birth_date": "1997-11-26"}, "8": {"player_id": "TC67246", "first_name": "Conor", "last_name": "White", "birth_date": "1912-07-18"}, "9": {"player_id": "TV66534", "first_name": "Lachlan", "last_name": "Metcalfe", "birth_date": "1978-03-27"}, "10": {"player_id": "DH62205", "first_name": "Timothee", "last_name": "Felix", "birth_date": "1974-10-19"}, "11": {"player_id": "ZF83310", "first_name": "Maryse", "last_name": "Cadet", "birth_date": "1976-01-05"}, "12": {"player_id": "BL57781", "first_name": "Jerry", "last_name": "Talbot", "birth_date": "1990-01-09"}, "13": {"player_id": "DD75412", "first_name": "Daxton", "last_name": "Woodard", "birth_date": "1908-11-13"}, "14": {"player_id": "LW30830", "first_name": "Sacha", "last_name": "Chapuis", "birth_date": "1984-02-07"}, "15": {"player_id": "FH33516", "first_name": "Nadia", "last_name": "Foulon", "birth_date": "1990-04-01"}, "16": {"player_id": "BS02430", "first_name": "Claudine", "last_name": "Guillou", "birth_date": "1952-10-12"}, "17": {"player_id": "OZ83480", "first_name": "Mylo", "last_name": "Bolton", "birth_date": "1911-08-01"}, "18": {"player_id": "SC25099", "first_name": "Kayce", "last_name": "Partridge", "birth_date": "1933-08-22"}, "19": {"player_id": "IQ26088", "first_name": "Nathan", "last_name": "Gallagher", "birth_date": "1991-07-13"}, "20": {"player_id": "CU19466", "first_name": "Emmanuel", "last_name": "Michaud", "birth_date": "1973-08-08"}, "21": {"player_id": "YG87710", "first_name": "Eloi", "last_name": "Breton", "birth_date": "1996-01-20"}, "22": {"player_id": "LX53522", "first_name": "Mamie", "last_name": "Ducrocq", "birth_date": "1909-04-02"}, "23": {"player_id": "NZ69866", "first_name": "Royce", "last_name": "Hopkins", "birth_date": "2013-09-05"}, "24": {"player_id": "HD64043", "first_name": "Yvette", "last_name": "Roche", "birth_date": "1914-01-23"}, "25": {"player_id": "GS47891", "first_name": "Erik", "last_name": "Campbell", "birth_date": "1982-12-27"}, "26": {"player_id": "PO76370", "first_name": "Mathieu", "last_name": "Moulin", "birth_date": "2007-11-08"}, "27": {"player_id": "IL62709", "first_name": "Marie-France", "last_name": "Jourdan", "birth_date": "1946-08-03"}, "28": {"player_id": "OE09833", "first_name": "Clarisse", "last_name": "Leray", "birth_date": "1969-01-21"}, "29": {"player_id": "IP92777", "first_name": "Ronin", "last_name": "Birch", "birth_date": "1964-04-04"}, "30": {"player_id": "VG35914", "first_name": "Jeremiah", "last_name": "Sharp", "birth_date": "1987-09-02"}, "31": {"player_id": "CP02048", "first_name": "Aurelie", "last_name": "Roux", "birth_date": "1947-05-11"}, "32": {"player_id": "YS55426", "first_name": "Eleanor", "last_name": "Collin", "birth_date": "2012-05-22"}, "33": {"player_id": "FM33801", "first_name": "Skyler", "last_name": "Shields", "birth_date": "1965-12-24"}, "34": {"player_id": "CW80887", "first_name": "Jayceon", "last_name": "Farmer", "birth_date": "1968-08-12"}, "35": {"player_id": "HJ78454", "first_name": "Noah", "last_name": "Stephan", "birth_date": "1920-03-04"}, "36": {"player_id": "BA48880", "first_name": "Loic", "last_name": "Laurent", "birth_date": "1952-08-17"}, "37": {"player_id": "ZS87711", "first_name": "Cathy", "last_name": "Collet", "birth_date": "1987-01-08"}, "38": {"player_id": "JQ50629", "first_name": "Gael", "last_name": "Patel", "birth_date": "1941-06-03"}, "39": {"player_id": "BI23804", "first_name": "Christiane", "last_name": "Lauret", "birth_date": "1964-10-20"}, "40": {"player_id": "YF90200", "first_name": "Marianne", "last_name": "Chancelier", "birth_date": "1996-05-05"}, "41": {"player_id": "TA72224", "first_name": "Kian", "last_name": "Coleman", "birth_date": "1964-06-05"}, "42": {"player_id": "HP96405", "first_name": "Monique", "last_name": "Prevost", "birth_date": "1922-08-13"}, "43": {"player_id": "RU62224", "first_name": "Baylor", "last_name": "Butcher", "birth_date": "1909-12-19"}, "44": {"player_id": "AB23337", "first_name": "Patrice", "last_name": "Grange", "birth_date": "1914-01-27"}, "45": {"player_id": "YJ44374", "first_name": "Aaron", "last_name": "Golden", "birth_date": "1994-03-29"}, "46": {"player_id": "ZN61906", "first_name": "Kaleb", "last_name": "Ford", "birth_date": "1992-11-19"}, "47": {"player_id": "NI60848", "first_name": "Yannick", "last_name": "Paris", "birth_date": "1937-06-29"}, "48": {"player_id": "XG03598", "first_name": "Cristian", "last_name": "Foley", "birth_date": "1919-04-03"}, "49": {"player_id": "SR79093", "first_name": "Josette", "last_name": "Hubert", "birth_date": "1964-02-15"}, "50": {"player_id": "JI03118", "first_name": "Edward", "last_name": "Smart", "birth_date": "1927-05-11"}, "51": {"player_id": "YL25040", "first_name": "Pablo", "last_name": "Miller", "birth_date": "1970-10-23"}, "52": {"player_id": "CD38792", "first_name": "Ophelie", "last_name": "Cousin", "birth_date": "1986-08-17"}, "53": {"player_id": "ZI17836", "first_name": "Cassandra", "last_name": "Giraud", "birth_date": "1922-12-12"}, "54": {"player_id": "WN24079", "first_name": "Braylon", "last_name": "Solomon", "birth_date": "1915-04-24"}, "55": {"player_id": "JM51928", "first_name": "Jade", "last_name": "Lafon", "birth_date": "1904-12-19"}, "56": {"player_id": "BR28451", "first_name": "Corbin", "last_name": "Stevens", "birth_date": "1906-05-30"}, "57": {"player_id": "KV66936", "first_name": "Pascale", "last_name": "Martinez", "birth_date": "1994-12-25"}, "58": {"player_id": "EP78033", "first_name": "Arthur", "last_name": "Bouchard", "birth_date": "1920-11-07"}, "59": {"player_id": "BW77508", "first_name": "Angelo", "last_name": "Lloyd", "birth_date": "1976-12-07"}, "60": {"player_id": "NY58237", "first_name": "Maelan", "last_name": "Duclos", "birth_date": "1919-03-30"}, "61": {"player_id": "WT34333", "first_name": "Chloe", "last_name": "Meyer", "birth_date": "1990-09-03"}, "62": {"player_id": "YD87275", "first_name": "Quentin", "last_name": "Kerr", "birth_date": "1967-01-05"}, "63": {"player_id": "CH96508", "first_name": "Brendan", "last_name": "Goodwin", "birth_date": "1945-07-04"}, "64": {"player_id": "OE48372", "first_name": "Kayce", "last_name": "Barnett", "birth_date": "1912-05-26"}, "65": {"player_id": "KV54065", "first_name": "Leon", "last_name": "Freeman", "birth_date": "1981-01-02"}, "66": {"player_id": "RK86739", "first_name": "Kamari", "last_name": "Connor", "birth_date": "1995-07-22"}, "67": {"player_id": "WM21941", "first_name": "Lexie", "last_name": "Lucas", "birth_date": "1930-08-05"}, "68": {"player_id": "SH10239", "first_name": "Lucca", "last_name": "Stanley", "birth_date": "1928-09-27"}, "69": {"player_id": "TR62727", "first_name": "Lohan", "last_name": "Le-Guen", "birth_date": "1986-08-27"}, "70": {"player_id": "UI22840", "first_name": "Nina", "last_name": "Marques", "birth_date": "1995-10-21"}, "71": {"player_id": "GI31915", "first_name": "Paul", "last_name": "Colas", "birth_date": "1911-08-03"}, "72": {"player_id": "BA46696", "first_name": "Caleb", "last_name": "Kaur", "birth_date": "1957-02-25"}, "73": {"player_id": "WY51406", "first_name": "Dario", "last_name": "Taylor", "birth_date": "1997-12-08"}, "74": {"player_id": "KS21464", "first_name": "Corbin", "last_name": "Dorsey", "birth_date": "1992-12-18"}, "75": {"player_id": "NX34222", "first_name": "Ethan", "last_name": "Grimes", "birth_date": "1963-03-07"}, "76": {"player_id": "FF73247", "first_name": "Jimmy", "last_name": "Koch", "birth_date": "1954-03-29"}, "77": {"player_id": "KN55911", "first_name": "Remy", "last_name": "Bird", "birth_date": "1991-11-09"}, "78": {"player_id": "RO83800", "first_name": "Tyler", "last_name": "Bouchet", "birth_date": "1910-10-25"}, "79": {"player_id": "NM31987", "first_name": "Eithan", "last_name": "Bartlett", "birth_date": "1952-11-28"}, "80": {"player_id": "YF03479", "first_name": "Johnathan", "last_name": "Joyce", "birth_date": "1907-02-22"}, "81": {"player_id": "WR90423", "first_name": "Kilian", "last_name": "Baron", "birth_date": "1939-05-22"}, "82": {"player_id": "IQ35705", "first_name": "Lorenzo", "last_name": "Carpenter", "birth_date": "1955-04-06"}, "83": {"player_id": "VS20543", "first_name": "Laetitia", "last_name": "Fischer", "birth_date": "2008-05-18"}, "84": {"player_id": "RV16934", "first_name": "Jonathan", "last_name": "Bradshaw", "birth_date": "1918-10-15"}, "85": {"player_id": "BL67627", "first_name": "Rey", "last_name": "Berg", "birth_date": "1921-02-22"}, "86": {"player_id": "AJ79202", "first_name": "Raymond", "last_name": "Sykes", "birth_date": "1939-07-12"}, "87": {"player_id": "CV10851", "first_name": "Charline", "last_name": "Berthet", "birth_date": "1904-05-03"}, "88": {"player_id": "VE95634", "first_name": "Elie", "last_name": "Jung", "birth_date": "1946-05-30"}, "89": {"player_id": "DZ47351", "first_name": "Elian", "last_name": "Morgan", "birth_date": "1928-12-23"}, "90": {"player_id": "VN12039", "first_name": "Gregoire", "last_name": "Duclos", "birth_date": "2015-10-20"}, "91": {"player_id": "DE38305", "first_name": "Nina", "last_name": "Thomas", "birth_date": "1980-04-19"}, "92": {"player_id": "QS16365", "first_name": "Wes", "last_name": "Huffman", "birth_date": "1953-02-06"}, "93": {"player_id": "HA93085", "first_name": "Ayaan", "last_name": "Wiggins", "birth_date": "2011-05-15"}, "94": {"player_id": "FR15234", "first_name": "Denise", "last_name": "Malice", "birth_date": "1974-08-12"}, "95": {"player_id": "UT77314", "first_name": "Roland", "last_name": "Picot", "birth_date": "1984-05-22"}, "96": {"player_id": "HL50719", "first_name": "Sage", "last_name": "Seymour", "birth_date": "2003-07-12"}, "97": {"player_id": "OE44604", "first_name": "Elena", "last_name": "Vial", "birth_date": "1919-05-01"}, "98": {"player_id": "MO05040", "first_name": "Maelie", "last_name": "Magnier", "birth_date": "1988-06-03"}, "99": {"player_id": "JY97962", "first_name": "Noah", "last_name": "Pearson", "birth_date": "2004-08-01"}, "100": {"player_id": "JS43857", "first_name": "Victoria", "last_name": "Blanchet", "birth_date": "2005-06-22"}, "101": {"player_id": "AD58775", "first_name": "Jeanne", "last_name": "Granier", "birth_date": "2005-02-13"}, "102": {"player_id": "NN26740", "first_name": "Caiden", "last_name": "Hill", "birth_date": "1914-01-21"}, "103": {"player_id": "PI27149", "first_name": "Cameron", "last_name": "Coleman", "birth_date": "1973-11-06"}, "104": {"player_id": "ZA22676", "first_name": "Paul", "last_name": "Patterson", "birth_date": "1979-09-06"}, "105": {"player_id": "XN64510", "first_name": "Dustin", "last_name": "Williams", "birth_date": "1967-06-28"}, "106": {"player_id": "NC42027", "first_name": "Gregoire", "last_name": "Royer", "birth_date": "1957-10-05"}, "107": {"player_id": "NZ91042", "first_name": "Luna", "last_name": "Pereira", "birth_date": "1917-08-23"}, "108": {"player_id": "PD25994", "first_name": "Cecile", "last_name": "Andrieu", "birth_date": "1998-05-07"}, "109": {"player_id": "KQ38231", "first_name": "Ayden", "last_name": "Andrews", "birth_date": "1975-02-12"}, "110": {"player_id": "VO69974", "first_name": "Ray", "last_name": "Richardson", "birth_date": "1983-02-03"}, "111": {"player_id": "VV91340", "first_name": "Mae", "last_name": "Perrin", "birth_date": "2007-01-04"}, "112": {"player_id": "FL82319", "first_name": "Kamari", "last_name": "Gaines", "birth_date": "1976-05-16"}, "113": {"player_id": "LH43588", "first_name": "Randy", "last_name": "Mc-Clain", "birth_date": "2013-11-28"}, "114": {"player_id": "OE61514", "first_name": "Joaquim", "last_name": "Barrett", "birth_date": "1962-01-24"}, "115": {"player_id": "RQ74765", "first_name": "Dimitri", "last_name": "Lagrange", "birth_date": "1908-04-09"}, "116": {"player_id": "TS61805", "first_name": "Noemie", "last_name": "Germain", "birth_date": "1920-05-24"}, "117": {"player_id": "FG97128", "first_name": "Josiah", "last_name": "Dillon", "birth_date": "1914-11-20"}, "118": {"player_id": "KA57016", "first_name": "Annie", "last_name": "Bousquet", "birth_date": "1977-10-04"}, "119": {"player_id": "OT04225", "first_name": "Juan", "last_name": "Parrish", "birth_date": "1954-06-18"}, "120": {"player_id": "GZ00453", "first_name": "Lila", "last_name": "Flament", "birth_date": "1935-08-20"}, "121": {"player_id": "VF85617", "first_name": "Rex", "last_name": "Little", "birth_date": "1926-06-26"}, "122": {"player_id": "AQ52192", "first_name": "Luca", "last_name": "Barnes", "birth_date": "1912-01-08"}, "123": {"player_id": "DJ69118", "first_name": "Kade", "last_name": "Kennedy", "birth_date": "1975-10-03"}, "124": {"player_id": "LG64991", "first_name": "Jett", "last_name": "Drew", "birth_date": "1971-10-01"}, "125": {"player_id": "HU16549", "first_name": "Evan", "last_name": "Davidson", "birth_date": "1980-03-28"}, "126": {"player_id": "UP62737", "first_name": "Frank", "last_name": "Bennett", "birth_date": "1943-01-06"}, "127": {"player_id": "ZU62068", "first_name": "Brock", "last_name": "Gilbert", "birth_date": "1977-09-09"}, "128": {"player_id": "UN36697", "first_name": "Kye", "last_name": "Fowler", "birth_date": "1917-10-08"}, "129": {"player_id": "GB96385", "first_name": "Westin", "last_name": "Spence", "birth_date": "1974-09-12"}, "130": {"player_id": "CG34191", "first_name": "Gabrielle", "last_name": "Cornet", "birth_date": "2011-10-20"}, "131": {"player_id": "WW01181", "first_name": "Victoria", "last_name": "Vacher", "birth_date": "1960-10-15"}, "132": {"player_id": "KZ65890", "first_name": "Marc", "last_name": "Peron", "birth_date": "2015-05-11"}, "133": {"player_id": "JI11519", "first_name": "Camille", "last_name": "Rigaud", "birth_date": "2008-08-01"}, "134": {"player_id": "FU41041", "first_name": "Jacqueline", "last_name": "Ferre", "birth_date": "1978-09-04"}, "135": {"player_id": "MP02529", "first_name": "Andreas", "last_name": "Clement", "birth_date": "1941-08-04"}, "136": {"player_id": "XT21674", "first_name": "Kylo", "last_name": "Clay", "birth_date": "1926-04-13"}, "137": {"player_id": "VY81678", "first_name": "Emmanuelle", "last_name": "Breton", "birth_date": "2002-04-23"}, "138": {"player_id": "OD32736", "first_name": "Noa", "last_name": "Gras", "birth_date": "1946-05-30"}, "139": {"player_id": "HQ57873", "first_name": "Gauthier", "last_name": "Monier", "birth_date": "1935-07-14"}, "140": {"player_id": "RZ77057", "first_name": "Adrian", "last_name": "Willis", "birth_date": "1951-08-29"}, "141": {"player_id": "ZY51286", "first_name": "Lilian", "last_name": "Richard", "birth_date": "1989-06-10"}, "142": {"player_id": "HJ20728", "first_name": "Isabelle", "last_name": "Cornu", "birth_date": "2001-02-10"}, "143": {"player_id": "QS19833", "first_name": "Rebecca", "last_name": "Fleury", "birth_date": "1941-01-15"}, "144": {"player_id": "ZN34836", "first_name": "Malcolm", "last_name": "Manning", "birth_date": "1986-04-17"}}}